{
  "__type__": "cc.SpriteFrame",
  "content": {
    "name": "Enemy",
    "atlas": "",
    "rect": {
      "x": 82,
      "y": 93,
      "width": 150,
      "height": 150
    },
    "offset": {
      "x": 5.5,
      "y": -16.5
    },
    "originalSize": {
      "width": 303,
      "height": 303
    },
    "rotated": false,
    "capInsets": [
      0,
      0,
      0,
      0
    ],
    "vertices": {
      "rawPosition": [
        -75,
        -75,
        0,
        75,
        -75,
        0,
        -75,
        75,
        0,
        75,
        75,
        0
      ],
      "indexes": [
        0,
        1,
        2,
        2,
        1,
        3
      ],
      "uv": [
        82,
        210,
        232,
        210,
        82,
        60,
        232,
        60
      ],
      "nuv": [
        0.2706270627062706,
        0.19801980198019803,
        0.7656765676567657,
        0.19801980198019803,
        0.2706270627062706,
        0.693069306930693,
        0.7656765676567657,
        0.693069306930693
      ],
      "minPos": {
        "x": -75,
        "y": -75,
        "z": 0
      },
      "maxPos": {
        "x": 75,
        "y": 75,
        "z": 0
      }
    },
    "texture": "db681b20-5fe7-4900-86aa-bf4330ded5ac@6c48a",
    "packable": true,
    "pixelsToUnit": 100,
    "pivot": {
      "x": 0.5,
      "y": 0.5
    },
    "meshType": 0
  }
}