{
  "__type__": "cc.SpriteFrame",
  "content": {
    "name": "platform",
    "atlas": "",
    "rect": {
      "x": 128,
      "y": 106,
      "width": 150,
      "height": 150
    },
    "offset": {
      "x": 5,
      "y": 14
    },
    "originalSize": {
      "width": 396,
      "height": 390
    },
    "rotated": false,
    "capInsets": [
      0,
      0,
      0,
      0
    ],
    "vertices": {
      "rawPosition": [
        -75,
        -75,
        0,
        75,
        -75,
        0,
        -75,
        75,
        0,
        75,
        75,
        0
      ],
      "indexes": [
        0,
        1,
        2,
        2,
        1,
        3
      ],
      "uv": [
        128,
        284,
        278,
        284,
        128,
        134,
        278,
        134
      ],
      "nuv": [
        0.32323232323232326,
        0.3435897435897436,
        0.702020202020202,
        0.3435897435897436,
        0.32323232323232326,
        0.7282051282051282,
        0.702020202020202,
        0.7282051282051282
      ],
      "minPos": {
        "x": -75,
        "y": -75,
        "z": 0
      },
      "maxPos": {
        "x": 75,
        "y": 75,
        "z": 0
      }
    },
    "texture": "77b530c5-6a9d-4bf2-8a5c-4547daa818f8@6c48a",
    "packable": true,
    "pixelsToUnit": 100,
    "pivot": {
      "x": 0.5,
      "y": 0.5
    },
    "meshType": 0
  }
}